iteration,TP,FP,TN,FN,precision,recall,f1_score,mAP50,mAP50_95
1,519,0,0,3,1.0,0.9942528735632183,0.9971181556195965,0.995,0.8230712942530088
2,519,1,0,3,0.9980769230769231,0.9942528735632183,0.9961612284069097,0.995,0.8407474691584765
3,521,1,0,1,0.9994984988477582,0.9980842911877394,0.9987908944168937,0.995,0.8340509519490051
4,519,1,0,3,0.9992783663850814,0.9942528735632183,0.9967592855918245,0.995,0.8456126381130108
5,520,2,0,2,0.9980792997897711,0.9954863966374984,0.9967811620021472,0.995,0.8485054095263559
