iteration,TP,FP,TN,FN,precision,recall,f1_score,mAP50,mAP50_95
1,516,3,0,6,0.9996223312105691,0.9846743295019157,0.9920920275968048,0.9936497109826589,0.8359407718417623
2,470,0,0,52,1.0,0.9003831417624522,0.9475806451612904,0.950173076923077,0.7946602002500734
3,519,0,0,3,1.0,0.9942528735632183,0.9971181556195965,0.995,0.8291974232878363
