iteration,TP,FP,FN,precision,recall,f1_score,mAP50,mAP50_95,total_images_in_slice,start_file,end_file
1,358,1,5,0.9972144846796658,0.9862258953168044,0.9916897506925209,0.9922119220055711,0.9123826362176869,458,frame_00000.jpg,frame_00457.jpg
2,331,9,10,0.988029560620357,0.9682020071933607,0.9780153019697078,0.9848094077605002,0.9837029239191748,458,frame_00458.jpg,frame_00915.jpg
3,433,3,0,0.9931192660550459,1.0,0.9965477560414269,0.9949538106235566,0.9942633674059943,458,frame_00916.jpg,frame_01373.jpg
4,411,3,11,0.9927536231884058,0.9739336492890995,0.9832535885167464,0.9861059362774307,0.9831166707420135,458,frame_01374.jpg,frame_01831.jpg
5,339,8,13,0.9898814808411911,0.9602272727272727,0.974828909343697,0.9802495015801664,0.976471363647472,456,frame_01832.jpg,frame_02287.jpg
