iteration,TP,FP,TN,FN,precision,recall,f1_score,mAP50,mAP50_95
1,507,1,0,15,0.9990411407608031,0.9712643678160919,0.9849569600037887,0.9854194488188975,0.8276365641431619
2,509,1,0,13,0.9980392156862745,0.975095785440613,0.9864341085271318,0.9870225339366515,0.8193879033959124
3,510,7,0,12,0.9883545120917041,0.975519809466614,0.9818952208266717,0.9876955676384743,0.8205539536599871
4,517,0,0,5,1.0,0.9904214559386973,0.9951876804619826,0.995,0.8113611954189339
5,519,2,0,3,0.9997492272641163,0.9942528735632183,0.9969934752200422,0.995,0.810825041352573
