iteration,TP,FP,TN,FN,precision,recall,f1_score,mAP50,mAP50_95
1,517,1,0,5,0.9961389961389961,0.9885057471264368,0.9923076923076923,0.9936082297561749,0.828048907110702
2,520,0,0,2,1.0,0.9937574761120241,0.9968689652764843,0.995,0.8285525518134996
3,520,0,0,2,1.0,0.9961685823754789,0.9980806142034548,0.995,0.8151475201631382
